initial_cash,buy_and_hold,predicted_signal,actual_signal
10000.0,9284.47315979569,9450.436635879372,26650.708071103636
