initial_cash,buy_and_hold,predicted_signal,actual_signal
10000.0,9284.47315979569,9269.625934227723,26650.708071103636
