{
  "mae": 12.257245063781738,
  "mape": 0.05054084211587906,
  "accuracy_proxy": 0.9494591578841209,
  "features": [
    "open",
    "high",
    "low",
    "close",
    "volume"
  ],
  "target_idx": 3
}