initial_cash,buy_and_hold,predicted_signal,actual_signal
10000.0,8114.036813794862,7712.239804463638,28757.65369867607
