initial_cash,buy_and_hold,predicted_signal,actual_signal
10000.0,8114.036813794862,7360.244041126475,28757.65369867607
