initial_cash,buy_and_hold,predicted_signal,actual_signal
10000.0,7667.031763417306,10008.376325485797,34929.21808448347
